{
  "name": "OrthoRoute Isolated",
  "description": "High-performance orthogonal routing with complete process isolation to prevent KiCad crashes",
  "description_full": "OrthoRoute uses GPU-accelerated algorithms running in a completely separate process to ensure KiCad stability. No more crashes after routing completion!",
  "identifier": "com.orthoroute.isolated",
  "type": "plugin",
  "author": {
    "name": "OrthoRoute Team",
    "contact": {
      "web": "https://github.com/bbenchoff/OrthoRoute"
    }
  },
  "maintainer": {
    "name": "OrthoRoute Team",
    "contact": {
      "web": "https://github.com/bbenchoff/OrthoRoute"
    }
  },
  "license": "MIT",
  "resources": {
    "homepage": "https://github.com/bbenchoff/OrthoRoute"
  },
  "tags": [
    "routing",
    "gpu",
    "orthogonal",
    "process-isolation",
    "crash-safe"
  ],
  "keep_on_update": [],
  "versions": [
    {
      "version": "2.0.0",
      "status": "stable",
      "kicad_version": "7.0",
      "download_sha256": "",
      "download_size": 13889,
      "download_url": "",
      "install_size": 13889
    }
  ]
}