{
  "$schema": "https://go.kicad.org/pcm/schemas/v1",
  "identifier": "com.github.bbenchoff.ultrasimpletest",
  "type": "plugin",
  "name": "Ultra Simple IPC Test",
  "description": "Ultra simple test plugin using pure IPC API",
  "description_full": "A minimal test plugin that demonstrates KiCad 9.0+ IPC plugin system with toolbar button integration. Uses pure IPC API without SWIG dependencies.",
  "version": "1.0.0",
  "author": {
    "name": "bbenchoff",
    "contact": {
      "web": "https://github.com/bbenchoff/OrthoRoute"
    }
  },
  "license": "WTFPL",
  "resources": {
    "homepage": "https://github.com/bbenchoff/OrthoRoute",
    "repository": "https://github.com/bbenchoff/OrthoRoute"
  },
  "requirements": {
    "python": ">=3.8",
    "packages": [
      "kicad-python>=0.4.0"
    ]
  },
  "runtime": "ipc",
  "versions": [
    {
      "version": "1.0.0",
      "status": "stable",
      "kicad_version": "9.0"
    }
  ],
  "actions": [
    {
      "identifier": "ultra_simple_test.main",
      "name": "Ultra Simple Test",
      "description": "Ultra simple test to verify IPC plugin loading",
      "category": "Testing",
      "icon": "icon.png",
      "show_in_toolbar": true,
      "show_in_menu": true,
      "entrypoint": "ultra_simple_test.py"
    }
  ]
}
