{
    "$schema": "https://go.kicad.org/pcm/schemas/v1",
    "name": "OrthoRoute GPU Autorouter",
    "description": "GPU-accelerated PCB autorouter using CuPy and advanced algorithms",
    "description_full": "A high-performance PCB autorouter that leverages GPU acceleration via CuPy for massively parallel routing algorithms. Features real-time visual feedback, intelligent pathfinding, and seamless KiCad 9.0+ integration. No compiled binaries required - pure Python using KiCad IPC API.",
    "identifier": "com.github.benchoff.orthoroute-gpu",
    "type": "plugin",
    "author": {
        "name": "Benchoff",
        "contact": { 
            "web": "https://github.com/bbenchoff/OrthoRoute" 
        }
    },
    "maintainer": {
        "name": "Benchoff",
        "contact": { 
            "web": "https://github.com/bbenchoff/OrthoRoute" 
        }
    },
    "license": "MIT",
    "resources": {
        "homepage": "https://github.com/bbenchoff/OrthoRoute"
    },
    "tags": [
        "autorouter",
        "routing",
        "gpu",
        "performance"
    ],
    "versions": [
        {
            "version": "1.0.0",
            "status": "stable",
            "kicad_version": "9.0",
            "install_size": 75000,
            "runtime": "ipc"
        }
    ]
}
