{
  "$schema": "https://go.kicad.org/api/schemas/v1",
  "identifier": "com.github.bbenchoff.ultrasimpletest",
  "name": "Ultra Simple IPC Test",
  "description": "A minimal test plugin using KiCad 9.0+ IPC API with toolbar button integration",
  "runtime": {
    "type": "python"
  },
  "actions": [
    {
      "identifier": "ultra-simple-test",
      "name": "Ultra Simple Test",
      "description": "Ultra simple test to verify IPC plugin loading and toolbar integration",
      "show-button": true,
      "scopes": ["pcb"],
      "entrypoint": "ultra_simple_test.py",
      "icons-light": ["icon.png"],
      "icons-dark": ["icon.png"]
    }
  ]
}
