{
    "$schema": "https://go.kicad.org/pcm/schemas/v1",
    "name": "OrthoRoute GPU Autorouter",
    "description": "GPU-accelerated PCB autorouter using CuPy/CUDA with real-time visualization",
    "description_full": "OrthoRoute is a high-performance GPU-accelerated PCB autorouter that leverages NVIDIA CUDA through CuPy for parallel routing algorithms using KiCad's modern IPC API. Features include:\n\n• GPU-accelerated wavefront routing with conflict resolution\n• Process isolation for maximum KiCad stability\n• Real-time visualization of routing progress\n• Support for multi-layer boards\n• Configurable grid pitch and routing parameters\n• Batch processing for improved performance\n• Compatible with complex PCB designs\n\nRequirements:\n• KiCad 9.0+ with IPC API support\n• NVIDIA GPU with CUDA support\n• CUDA Toolkit 11.8+ or 12.x\n• CuPy package (install with: pip install cupy-cuda12x)",
    "identifier": "com.github.bbenchoff.orthoroute",
    "type": "plugin",
    "version": "1.0.0",
    "author": {
        "name": "Brian Benchoff",
        "contact": {
            "web": "https://github.com/bbenchoff/OrthoRoute"
        }
    },
    "maintainer": {
        "name": "Brian Benchoff",
        "contact": {
            "web": "https://github.com/bbenchoff/OrthoRoute"
        }
    },
    "license": "WTFPL",
    "resources": {
        "homepage": "https://github.com/bbenchoff/OrthoRoute",
        "repository": "https://github.com/bbenchoff/OrthoRoute",
        "issues": "https://github.com/bbenchoff/OrthoRoute/issues"
    },
    "versions": [
        {
            "version": "1.0.0",
            "status": "stable",
            "kicad_version": "9.0",
            "runtime": "ipc"
        }
    ]
}
